X,Y,LifeboatStationNameProper,LaunchTime,YearOfCall,DateOfLaunch,LifeboatNumber,LifeboatClass,RoSType,WindDirectionAtLaunch,WindBearingAtLaunch,WeatherAtLaunch,VisibilityAtLaunch,SeaConditionsAtLaunch
-9.0233,53.2604,GALWAY,19:35:00,2008,2008/01/09 00:00:00+00,B-738,ATLANTIC 75,ILB,135,SE,PART CLOUDY,GOOD,CHOPPY
-9.1591,53.1317,GALWAY,15:00:00,2008,2008/02/10 00:00:00+00,B-738,ATLANTIC 75,ILB,203,SSW,PART CLOUDY,GOOD,SLIGHT
-9.0233,53.2611,GALWAY,00:25:00,2008,2008/02/15 00:00:00+00,B-738,ATLANTIC 75,ILB,180,S,PART CLOUDY,POOR,CALM
-9.0882,53.2587,GALWAY,11:40:00,2008,2008/02/26 00:00:00+00,B-738,ATLANTIC 75,ILB,203,SSW,PART CLOUDY,GOOD,ROUGH
-9.0536,53.2805,GALWAY,03:15:00,2008,2008/03/23 00:00:00+00,B-738,ATLANTIC 75,ILB,315,NW,CLEAR SKY,GOOD,CALM
-8.9975,53.187,GALWAY,16:33:00,2008,2008/05/04 00:00:00+00,B-738,ATLANTIC 75,ILB,225,SW,PART CLOUDY,EXCELLENT,SLIGHT
-9.0172,53.2659,GALWAY,13:25:00,2008,2008/05/04 00:00:00+00,B-738,ATLANTIC 75,ILB,225,SW,PART CLOUDY,GOOD,SLIGHT
-8.9973,53.2421,GALWAY,17:00:00,2008,2008/05/12 00:00:00+00,B-738,ATLANTIC 75,ILB,225,SW,CLEAR SKY,GOOD,CALM
-9.1422,53.1352,GALWAY,17:35:00,2008,2008/05/13 00:00:00+00,B-738,ATLANTIC 75,ILB,90,E,CLEAR SKY,GOOD,CHOPPY
-9.0528,53.2812,GALWAY,13:45:00,2008,2008/05/13 00:00:00+00,B-738,ATLANTIC 75,ILB,180,S,CLEAR SKY,GOOD,CALM
-9.165,53.2363,GALWAY,12:41:00,2008,2008/05/21 00:00:00+00,B-738,ATLANTIC 75,ILB,113,ESE,PART CLOUDY,POOR,CHOPPY
-8.9633,53.1657,GALWAY,11:10:00,2008,2008/05/22 00:00:00+00,B-738,ATLANTIC 75,ILB,90,E,CLOUDY,GOOD,SMOOTH
-9.0811,53.2442,GALWAY,04:39:00,2008,2008/06/11 00:00:00+00,B-738,ATLANTIC 75,ILB,293,WNW,PART CLOUDY,POOR,CHOPPY
-9.064,53.2624,GALWAY,16:07:00,2008,2008/06/17 00:00:00+00,B-738,ATLANTIC 75,ILB,248,WSW,CLOUDY,FAIR,ROUGH
-9.0808,53.2541,GALWAY,19:35:00,2008,2008/06/18 00:00:00+00,B-738,ATLANTIC 75,ILB,248,WSW,PART CLOUDY,GOOD,CHOPPY
-9.14,53.1244,GALWAY,21:20:00,2008,2008/08/02 00:00:00+00,B-738,ATLANTIC 75,ILB,225,SW,RAIN / HAIL,POOR,ROUGH
-9.7839,53.2383,GALWAY,12:58:00,2008,2008/08/02 00:00:00+00,B-738,ATLANTIC 75,ILB,225,SW,PART CLOUDY,GOOD,ROUGH
-8.96,53.2425,GALWAY,21:30:00,2008,2008/08/10 00:00:00+00,B-738,ATLANTIC 75,ILB,225,SW,PART CLOUDY,GOOD,SLIGHT
-9.0247,53.192,GALWAY,16:20:00,2008,2008/08/22 00:00:00+00,B-738,ATLANTIC 75,ILB,203,SSW,CLEAR SKY,GOOD,CHOPPY
-9.0291,53.254,GALWAY,10:35:00,2008,2008/09/20 00:00:00+00,B-738,ATLANTIC 75,ILB,158,SSE,PART CLOUDY,GOOD,SLIGHT
-9.1286,53.2237,GALWAY,16:10:00,2008,2008/09/26 00:00:00+00,B-738,ATLANTIC 75,ILB,180,S,CLEAR SKY,GOOD,CALM
-9.0408,53.2677,GALWAY,17:57:00,2008,2008/09/28 00:00:00+00,B-738,ATLANTIC 75,ILB,225,SW,PART CLOUDY,GOOD,CALM
-9.0489,53.2664,GALWAY,20:36:00,2008,2008/10/08 00:00:00+00,B-738,ATLANTIC 75,ILB,135,SE,PART CLOUDY,GOOD,CALM
-9.0489,53.2664,GALWAY,08:00:00,2008,2008/10/09 00:00:00+00,B-738,ATLANTIC 75,ILB,180,S,CLOUDY,FAIR,CHOPPY
-9.0288,53.249,GALWAY,23:02:00,2008,2008/11/15 00:00:00+00,B-738,ATLANTIC 75,ILB,225,SW,PART CLOUDY,POOR,CHOPPY
-9.0403,53.2575,GALWAY,04:19:00,2008,2008/12/05 00:00:00+00,B-738,ATLANTIC 75,ILB,315,NW,PART CLOUDY,GOOD,SMOOTH
-9.2959,53.2149,GALWAY,21:00:00,2008,2008/12/31 00:00:00+00,B-738,ATLANTIC 75,ILB,135,SE,CLOUDY,GOOD,SLIGHT
-9.0522,53.2557,GALWAY,22:20:00,2009,2009/01/08 00:00:00+00,B-738,ATLANTIC 75,ILB,225,SW,CLOUDY,GOOD,SMOOTH
-9.029,53.1905,GALWAY,16:00:00,2009,2009/01/15 00:00:00+00,B-738,ATLANTIC 75,ILB,270,W,CLOUDY,GOOD,ROUGH
-9.0518,53.2687,GALWAY,01:20:00,2009,2009/03/15 00:00:00+00,B-738,ATLANTIC 75,ILB,158,SSE,CLOUDY,GOOD,CALM
-9.0172,53.2591,GALWAY,14:03:00,2009,2009/04/25 00:00:00+00,B-738,ATLANTIC 75,ILB,45,NE,CLOUDY,GOOD,SLIGHT
-9.3462,53.2311,GALWAY,18:08:00,2009,2009/05/18 00:00:00+00,B-738,ATLANTIC 75,ILB,248,WSW,PART CLOUDY,GOOD,CHOPPY
-8.9381,53.1509,GALWAY,19:10:00,2009,2009/05/21 00:00:00+00,B-738,ATLANTIC 75,ILB,270,W,CLOUDY,GOOD,SLIGHT
-9.046,53.2659,GALWAY,05:15:00,2009,2009/05/24 00:00:00+00,B-738,ATLANTIC 75,ILB,225,SW,PART CLOUDY,GOOD,CHOPPY
-9.0411,53.2496,GALWAY,02:51:00,2009,2009/05/24 00:00:00+00,B-738,ATLANTIC 75,ILB,225,SW,PART CLOUDY,GOOD,CHOPPY
-9.0692,53.2541,GALWAY,11:40:00,2009,2009/06/14 00:00:00+00,B-738,ATLANTIC 75,ILB,225,SW,PART CLOUDY,GOOD,SLIGHT
-9.0272,53.2624,GALWAY,09:31:00,2009,2009/06/18 00:00:00+00,B-738,ATLANTIC 75,ILB,225,SW,PART CLOUDY,GOOD,ROUGH
-8.9761,53.2527,GALWAY,18:14:00,2009,2009/06/23 00:00:00+00,B-738,ATLANTIC 75,ILB,225,SW,PART CLOUDY,GOOD,CALM
-9.3006,53.2169,GALWAY,23:25:00,2009,2009/06/24 00:00:00+00,B-738,ATLANTIC 75,ILB,225,SW,PART CLOUDY,FAIR,SLIGHT
-8.9652,53.2407,GALWAY,13:48:00,2009,2009/07/04 00:00:00+00,B-738,ATLANTIC 75,ILB,248,WSW,CLOUDY,GOOD,SLIGHT
-9.0821,53.2405,GALWAY,15:25:00,2009,2009/07/07 00:00:00+00,B-738,ATLANTIC 75,ILB,270,W,CLEAR SKY,GOOD,CALM
-9.0288,53.249,GALWAY,15:25:00,2009,2009/07/07 00:00:00+00,B-738,ATLANTIC 75,ILB,270,W,CLEAR SKY,GOOD,CALM
-9.0354,53.2624,GALWAY,11:36:00,2009,2009/07/12 00:00:00+00,B-738,ATLANTIC 75,ILB,225,SW,CLEAR SKY,GOOD,CHOPPY
-9.261,53.1538,GALWAY,03:52:00,2009,2009/07/23 00:00:00+00,B-738,ATLANTIC 75,ILB,270,W,PART CLOUDY,GOOD,SLIGHT
-9.0151,53.254,GALWAY,20:18:00,2009,2009/08/31 00:00:00+00,B-738,ATLANTIC 75,ILB,225,SW,CLOUDY,FAIR,CHOPPY
-9.0368,53.224,GALWAY,11:05:00,2009,2009/09/05 00:00:00+00,B-738,ATLANTIC 75,ILB,248,WSW,CLOUDY,GOOD,ROUGH
-9.0368,53.224,GALWAY,11:05:00,2009,2009/09/05 00:00:00+00,B-738,ATLANTIC 75,ILB,248,WSW,CLOUDY,GOOD,ROUGH
-9.5148,53.1888,GALWAY,14:20:00,2009,2009/09/11 00:00:00+00,B-738,ATLANTIC 75,ILB,0,N,PART CLOUDY,GOOD,CALM
-9.2951,53.2403,GALWAY,23:58:00,2009,2009/09/29 00:00:00+00,B-738,ATLANTIC 75,ILB,90,E,PART CLOUDY,GOOD,CALM
-9.1464,53.2335,GALWAY,16:12:00,2009,2009/10/01 00:00:00+00,B-738,ATLANTIC 75,ILB,45,NE,PART CLOUDY,GOOD,CALM
-9.0023,53.2391,GALWAY,17:58:00,2009,2009/11/08 00:00:00+00,B-738,ATLANTIC 75,ILB,0,N,PART CLOUDY,GOOD,CALM
-8.9955,53.2489,GALWAY,12:24:00,2009,2009/11/29 00:00:00+00,B-738,ATLANTIC 75,ILB,225,SW,PART CLOUDY,GOOD,SLIGHT
-9.1292,53.2322,GALWAY,01:11:00,2009,2009/12/17 00:00:00+00,B-738,ATLANTIC 75,ILB,0,N,PART CLOUDY,GOOD,CALM
-9.0488,53.2456,GALWAY,15:05:00,2010,2010/01/16 00:00:00+00,B-738,ATLANTIC 75,ILB,270,W,CLEAR SKY,EXCELLENT,CALM
-9.0157,53.259,GALWAY,13:36:00,2010,2010/01/29 00:00:00+00,B-738,ATLANTIC 75,ILB,0,N,PART CLOUDY,GOOD,CALM
-9.0403,53.2591,GALWAY,04:02:00,2010,2010/02/24 00:00:00+00,B-738,ATLANTIC 75,ILB,45,NE,OVERCAST,GOOD,SMOOTH
-9.0405,53.266,GALWAY,03:06:00,2010,2010/03/17 00:00:00+00,B-738,ATLANTIC 75,ILB,135,SE,PART CLOUDY,GOOD,SMOOTH
-9.0961,53.2523,GALWAY,17:20:00,2010,2010/03/28 00:00:00+00,B-738,ATLANTIC 75,ILB,225,SW,PART CLOUDY,GOOD,SMOOTH
-9.3041,53.2392,GALWAY,15:15:00,2010,2010/04/09 00:00:00+00,B-738,ATLANTIC 75,ILB,135,SE,CLEAR SKY,GOOD,SMOOTH
-9.0789,53.2489,GALWAY,15:24:00,2010,2010/05/14 00:00:00+00,B-738,ATLANTIC 75,ILB,225,SW,PART CLOUDY,GOOD,SMOOTH
-9.019,53.2589,GALWAY,16:37:00,2010,2010/06/14 00:00:00+00,B-738,ATLANTIC 75,ILB,248,WSW,PART CLOUDY,GOOD,SLIGHT
-9.0565,53.2533,GALWAY,16:00:00,2010,2010/06/19 00:00:00+00,B-738,ATLANTIC 75,ILB,315,NW,CLEAR SKY,GOOD,SMOOTH
-9.1037,53.2534,GALWAY,20:01:00,2010,2010/07/12 00:00:00+00,B-757,ATLANTIC 75,ILB,225,SW,PART CLOUDY,GOOD,CALM
-9.1759,53.2426,GALWAY,18:40:00,2010,2010/07/13 00:00:00+00,B-757,ATLANTIC 75,ILB,135,SE,CLOUDY,FAIR,SLIGHT
-9.148,53.1396,GALWAY,16:49:00,2010,2010/07/20 00:00:00+00,B-757,ATLANTIC 75,ILB,135,SE,PART CLOUDY,GOOD,CALM
-9.2959,53.2402,GALWAY,09:30:00,2010,2010/07/25 00:00:00+00,B-757,ATLANTIC 75,ILB,225,SW,CLOUDY,GOOD,SLIGHT
-9.0356,53.2657,GALWAY,05:55:00,2010,2010/07/26 00:00:00+00,B-757,ATLANTIC 75,ILB,270,W,PART CLOUDY,GOOD,SLIGHT
-9.2631,53.2321,GALWAY,04:15:00,2010,2010/08/01 00:00:00+00,B-757,ATLANTIC 75,ILB,270,W,PART CLOUDY,GOOD,SMOOTH
-9.053,53.1728,GALWAY,19:30:00,2010,2010/08/21 00:00:00+00,B-757,ATLANTIC 75,ILB,270,W,SQUALLY,FAIR,ROUGH
-9.0354,53.1662,GALWAY,18:04:00,2010,2010/08/21 00:00:00+00,B-757,ATLANTIC 75,ILB,270,W,SQUALLY,POOR,CHOPPY
-9.1659,53.2447,GALWAY,13:45:00,2010,2010/09/05 00:00:00+00,B-757,ATLANTIC 75,ILB,180,S,CLOUDY,FAIR,CHOPPY
-9.0374,53.2662,GALWAY,10:50:00,2010,2010/09/05 00:00:00+00,B-757,ATLANTIC 75,ILB,225,SW,CLOUDY,FAIR,CHOPPY
-9.0184,53.2599,GALWAY,15:10:00,2010,2010/09/29 00:00:00+00,B-757,ATLANTIC 75,ILB,225,SW,CLEAR SKY,GOOD,CALM
-9.0796,53.2524,GALWAY,23:00:00,2010,2010/10/11 00:00:00+00,B-757,ATLANTIC 75,ILB,90,E,CLEAR SKY,GOOD,GLASS CALM
-9.0742,53.2566,GALWAY,04:00:00,2010,2010/11/02 00:00:00+00,B-757,ATLANTIC 75,ILB,225,SW,CLOUDY,POOR,ROUGH
-9.0437,53.2662,GALWAY,21:16:00,2010,2010/12/07 00:00:00+00,B-757,ATLANTIC 75,ILB,0,N,FOG,POOR,CALM
-9.0486,53.2588,GALWAY,15:05:00,2010,2010/12/12 00:00:00+00,B-757,ATLANTIC 75,ILB,225,SW,CLEAR SKY,GOOD,CALM
-9.0196,53.2525,GALWAY,18:52:00,2011,2011/01/18 00:00:00+00,B-757,ATLANTIC 75,ILB,180,S,CLEAR SKY,GOOD,CALM
-9.0236,53.2584,GALWAY,01:45:00,2011,2011/02/12 00:00:00+00,B-757,ATLANTIC 75,ILB,203,SSW,PART CLOUDY,GOOD,CALM
-9.0457,53.2639,GALWAY,17:25:00,2011,2011/02/13 00:00:00+00,B-757,ATLANTIC 75,ILB,315,NW,PART CLOUDY,GOOD,CALM
-9.0063,53.2611,GALWAY,08:00:00,2011,2011/02/14 00:00:00+00,B-757,ATLANTIC 75,ILB,270,W,CLOUDY,GOOD,SMOOTH
-9.0455,53.2641,GALWAY,08:00:00,2011,2011/02/14 00:00:00+00,B-757,ATLANTIC 75,ILB,270,W,CLOUDY,GOOD,SMOOTH
-9.0455,53.2641,GALWAY,19:50:00,2011,2011/04/01 00:00:00+00,B-757,ATLANTIC 75,ILB,270,W,SQUALLY,POOR,SLIGHT
-9.0423,53.2682,GALWAY,16:32:00,2011,2011/04/13 00:00:00+00,B-757,ATLANTIC 75,ILB,225,SW,PART CLOUDY,GOOD,CALM
-9.0433,53.2681,GALWAY,02:04:00,2011,2011/05/03 00:00:00+00,B-757,ATLANTIC 75,ILB,90,E,CLOUDY,FAIR,CALM
-9.0406,53.2682,GALWAY,16:58:00,2011,2011/06/06 00:00:00+00,B-757,ATLANTIC 75,ILB,180,S,CLOUDY,GOOD,SMOOTH
-9.0672,53.2522,GALWAY,17:15:00,2011,2011/06/11 00:00:00+00,B-757,ATLANTIC 75,ILB,225,SW,CLEAR SKY,EXCELLENT,CALM
-9.0681,53.2538,GALWAY,19:50:00,2011,2011/06/16 00:00:00+00,B-757,ATLANTIC 75,ILB,225,SW,PART CLOUDY,GOOD,CHOPPY
-9.163,53.1738,GALWAY,09:48:00,2011,2011/06/18 00:00:00+00,B-757,ATLANTIC 75,ILB,315,NW,CLOUDY,GOOD,ROUGH
-8.9911,53.2304,GALWAY,13:34:00,2011,2011/07/01 00:00:00+00,B-757,ATLANTIC 75,ILB,225,SW,PART CLOUDY,GOOD,SLIGHT
-8.9741,53.2406,GALWAY,21:59:00,2011,2011/07/05 00:00:00+00,B-757,ATLANTIC 75,ILB,293,WNW,PART CLOUDY,FAIR,SMOOTH
-9.1978,53.2252,GALWAY,12:29:00,2011,2011/07/10 00:00:00+00,B-757,ATLANTIC 75,ILB,248,WSW,CLOUDY,GOOD,CHOPPY
-9.0229,53.2572,GALWAY,09:45:00,2011,2011/07/15 00:00:00+00,B-757,ATLANTIC 75,ILB,315,NW,PART CLOUDY,GOOD,SLIGHT
-9.3068,53.2389,GALWAY,17:02:00,2011,2011/07/16 00:00:00+00,B-757,ATLANTIC 75,ILB,315,NW,CLOUDY,GOOD,CHOPPY
-8.9823,53.2428,GALWAY,19:58:00,2011,2011/07/23 00:00:00+00,B-757,ATLANTIC 75,ILB,315,NW,PART CLOUDY,GOOD,SMOOTH
-9.0791,53.2487,GALWAY,18:23:00,2011,2011/08/05 00:00:00+00,B-757,ATLANTIC 75,ILB,315,NW,PART CLOUDY,GOOD,SLIGHT
-9.0178,53.2605,GALWAY,18:23:00,2011,2011/08/05 00:00:00+00,B-757,ATLANTIC 75,ILB,315,NW,PART CLOUDY,GOOD,SLIGHT
-9.0619,53.2388,GALWAY,20:32:00,2011,2011/08/14 00:00:00+00,B-757,ATLANTIC 75,ILB,225,SW,PART CLOUDY,GOOD,CHOPPY
-9.0424,53.2448,GALWAY,16:10:00,2011,2011/08/14 00:00:00+00,B-757,ATLANTIC 75,ILB,225,SW,PART CLOUDY,GOOD,CHOPPY
-9.4286,53.2247,GALWAY,16:35:00,2011,2011/08/28 00:00:00+00,B-757,ATLANTIC 75,ILB,338,NNW,CLOUDY,GOOD,SLIGHT
-9.0452,53.2691,GALWAY,19:36:00,2011,2011/09/17 00:00:00+00,B-853,ATLANTIC 85,ILB,293,WNW,PART CLOUDY,FAIR,SMOOTH
-9.0533,53.2691,GALWAY,18:55:00,2011,2011/10/13 00:00:00+00,B-853,ATLANTIC 85,ILB,135,SE,PART CLOUDY,GOOD,CALM
-9.0468,53.2665,GALWAY,17:00:00,2011,2011/11/13 00:00:00+00,B-853,ATLANTIC 85,ILB,135,SE,PART CLOUDY,GOOD,CHOPPY
-9.0706,53.2406,GALWAY,14:06:00,2011,2011/12/22 00:00:00+00,B-853,ATLANTIC 85,ILB,248,WSW,CLOUDY,FAIR,CHOPPY
-9.0467,53.2583,GALWAY,04:07:00,2011,2011/12/22 00:00:00+00,B-853,ATLANTIC 85,ILB,270,W,CLOUDY,GOOD,SMOOTH
-9.0467,53.2583,GALWAY,03:20:00,2012,2012/01/08 00:00:00+00,B-853,ATLANTIC 85,ILB,315,NW,OVERCAST,POOR,CALM
-9.0467,53.2583,GALWAY,19:12:00,2012,2012/01/12 00:00:00+00,B-853,ATLANTIC 85,ILB,270,W,PART CLOUDY,GOOD,CALM
-9.1433,53.2417,GALWAY,10:00:00,2012,2012/01/17 00:00:00+00,B-853,ATLANTIC 85,ILB,180,S,CLOUDY,GOOD,SLIGHT
-9.0233,53.2583,GALWAY,19:17:00,2012,2012/03/26 00:00:00+00,B-853,ATLANTIC 85,ILB,90,E,CLEAR SKY,GOOD,CALM
-9.0918,53.2558,GALWAY,16:50:00,2012,2012/03/29 00:00:00+00,B-853,ATLANTIC 85,ILB,225,SW,CLEAR SKY,GOOD,SMOOTH
-9.1817,53.23,GALWAY,12:50:00,2012,2012/04/29 00:00:00+00,B-853,ATLANTIC 85,ILB,0,N,CLOUDY,GOOD,CHOPPY
-9.1,53.25,GALWAY,20:48:00,2012,2012/05/04 00:00:00+00,B-853,ATLANTIC 85,ILB,45,NE,CLOUDY,GOOD,SLIGHT
-9.09,53.2558,GALWAY,13:03:00,2012,2012/05/14 00:00:00+00,B-853,ATLANTIC 85,ILB,225,SW,CLOUDY,FAIR,ROUGH
-9.0665,53.2577,GALWAY,13:35:00,2012,2012/05/24 00:00:00+00,B-853,ATLANTIC 85,ILB,270,W,CLEAR SKY,EXCELLENT,CALM
-9.1217,53.2517,GALWAY,15:38:00,2012,2012/05/26 00:00:00+00,B-853,ATLANTIC 85,ILB,90,E,CLEAR SKY,GOOD,SMOOTH
-9.1667,53.1333,GALWAY,16:16:00,2012,2012/06/03 00:00:00+00,B-853,ATLANTIC 85,ILB,90,E,CLOUDY,GOOD,CALM
-9.1667,53.1833,GALWAY,21:55:00,2012,2012/06/12 00:00:00+00,B-853,ATLANTIC 85,ILB,45,NE,PART CLOUDY,GOOD,SMOOTH
-9.0183,53.2558,GALWAY,13:47:00,2012,2012/06/18 00:00:00+00,B-853,ATLANTIC 85,ILB,135,SE,OVERCAST,FAIR,CALM
-9.025,53.2667,GALWAY,18:15:00,2012,2012/06/27 00:00:00+00,B-853,ATLANTIC 85,ILB,180,S,OVERCAST,GOOD,SMOOTH
-9.035,53.2675,GALWAY,17:48:00,2012,2012/07/02 00:00:00+00,B-853,ATLANTIC 85,ILB,225,SW,CLOUDY,GOOD,SLIGHT
-9.0667,53.245,GALWAY,09:20:00,2012,2012/07/12 00:00:00+00,B-853,ATLANTIC 85,ILB,270,W,PART CLOUDY,GOOD,SMOOTH
-9.0667,53.2417,GALWAY,11:20:00,2012,2012/08/11 00:00:00+00,B-853,ATLANTIC 85,ILB,270,W,OVERCAST,GOOD,SMOOTH
-8.9483,53.1517,GALWAY,12:55:00,2012,2012/08/22 00:00:00+00,B-853,ATLANTIC 85,ILB,225,SW,CLOUDY,GOOD,ROUGH
-9.05,53.2667,GALWAY,02:12:00,2012,2012/08/24 00:00:00+00,B-853,ATLANTIC 85,ILB,315,NW,PART CLOUDY,FAIR,CALM
-8.98,53.245,GALWAY,15:40:00,2012,2012/08/26 00:00:00+00,B-853,ATLANTIC 85,ILB,180,S,CLOUDY,GOOD,SMOOTH
-9.035,53.2667,GALWAY,16:47:00,2012,2012/09/13 00:00:00+00,B-853,ATLANTIC 85,ILB,270,W,CLOUDY,GOOD,CHOPPY
-9.3008,53.24,GALWAY,12:52:00,2012,2012/09/21 00:00:00+00,B-853,ATLANTIC 85,ILB,45,NE,PART CLOUDY,GOOD,SMOOTH
-9.0417,53.2517,GALWAY,20:05:00,2012,2012/09/27 00:00:00+00,B-853,ATLANTIC 85,ILB,225,SW,SQUALLY,POOR,CHOPPY
-9.0917,53.2567,GALWAY,14:58:00,2012,2012/10/07 00:00:00+00,B-853,ATLANTIC 85,ILB,90,E,CLOUDY,GOOD,CALM
-9.0847,53.1638,GALWAY,18:00:00,2012,2012/10/13 00:00:00+00,B-853,ATLANTIC 85,ILB,90,E,PART CLOUDY,GOOD,SMOOTH
-9.1598,53.2458,GALWAY,12:40:00,2013,2013/01/24 00:00:00+00,B-853,ATLANTIC 85,ILB,180,S,OVERCAST,FAIR,CHOPPY
-9.0417,53.2625,GALWAY,08:35:00,2013,2013/02/02 00:00:00+00,B-853,ATLANTIC 85,ILB,90,E,CLEAR SKY,GOOD,CALM
-9.0833,53.2917,GALWAY,16:10:00,2013,2013/02/24 00:00:00+00,B-853,ATLANTIC 85,ILB,113,ESE,CLEAR SKY,GOOD,CALM
-9.0217,53.25,GALWAY,13:02:00,2013,2013/05/11 00:00:00+00,B-853,ATLANTIC 85,ILB,270,W,PART CLOUDY,GOOD,CHOPPY
-9.025,53.2767,GALWAY,16:16:00,2013,2013/05/13 00:00:00+00,B-853,ATLANTIC 85,ILB,270,W,OVERCAST,FAIR,CHOPPY
-9.0033,53.2367,GALWAY,15:50:00,2013,2013/05/23 00:00:00+00,B-853,ATLANTIC 85,ILB,315,NW,CLOUDY,GOOD,SLIGHT
-9.0495,53.2671,GALWAY,19:30:00,2013,2013/05/26 00:00:00+00,B-853,ATLANTIC 85,ILB,203,SSW,PART CLOUDY,FAIR,SLIGHT
-9.1583,53.2417,GALWAY,18:12:00,2013,2013/05/31 00:00:00+00,B-853,ATLANTIC 85,ILB,315,NW,PART CLOUDY,GOOD,SMOOTH
-8.984,53.2432,GALWAY,14:30:00,2013,2013/06/06 00:00:00+00,B-853,ATLANTIC 85,ILB,270,W,CLEAR SKY,GOOD,CALM
-9.0183,53.245,GALWAY,20:49:00,2013,2013/06/06 00:00:00+00,B-853,ATLANTIC 85,ILB,270,W,CLEAR SKY,GOOD,CALM
-9.1483,53.2467,GALWAY,11:03:00,2013,2013/06/09 00:00:00+00,B-853,ATLANTIC 85,ILB,180,S,CLEAR SKY,GOOD,CALM
-9.0183,53.245,GALWAY,13:50:00,2013,2013/06/10 00:00:00+00,B-853,ATLANTIC 85,ILB,180,S,CLOUDY,GOOD,SLIGHT
-9.31,53.2333,GALWAY,16:00:00,2013,2013/06/12 00:00:00+00,B-853,ATLANTIC 85,ILB,180,S,OVERCAST,FAIR,SMOOTH
-9.055,53.25,GALWAY,16:35:00,2013,2013/07/08 00:00:00+00,B-853,ATLANTIC 85,ILB,180,S,CLEAR SKY,EXCELLENT,CALM
-9.07,53.2217,GALWAY,19:30:00,2013,2013/07/09 00:00:00+00,B-853,ATLANTIC 85,ILB,225,SW,CLEAR SKY,GOOD,CALM
-9.1633,53.135,GALWAY,23:47:00,2013,2013/07/10 00:00:00+00,B-853,ATLANTIC 85,ILB,135,SE,CLEAR SKY,FAIR,CALM
-9.0075,53.2633,GALWAY,15:47:00,2013,2013/07/11 00:00:00+00,B-853,ATLANTIC 85,ILB,90,E,CLEAR SKY,EXCELLENT,CALM
-9.0417,53.2633,GALWAY,21:23:00,2013,2013/07/13 00:00:00+00,B-853,ATLANTIC 85,ILB,45,NE,CLEAR SKY,GOOD,CALM
-9.0733,53.25,GALWAY,16:01:00,2013,2013/07/27 00:00:00+00,B-853,ATLANTIC 85,ILB,225,SW,PART CLOUDY,POOR,CHOPPY
-9.0883,53.25,GALWAY,14:45:00,2013,2013/07/27 00:00:00+00,B-853,ATLANTIC 85,ILB,225,SW,PART CLOUDY,GOOD,CHOPPY
-9.1083,53.2567,GALWAY,23:06:00,2013,2013/08/14 00:00:00+00,B-853,ATLANTIC 85,ILB,225,SW,MIST,POOR,SLIGHT
-8.955,53.165,GALWAY,18:36:00,2013,2013/08/16 00:00:00+00,B-853,ATLANTIC 85,ILB,225,SW,PART CLOUDY,GOOD,CHOPPY
-9.0917,53.2567,GALWAY,07:56:00,2013,2013/08/19 00:00:00+00,B-853,ATLANTIC 85,ILB,270,W,PART CLOUDY,GOOD,SMOOTH
-9.2217,53.2417,GALWAY,16:32:00,2013,2013/08/20 00:00:00+00,B-853,ATLANTIC 85,ILB,225,SW,PART CLOUDY,FAIR,ROUGH
-9.1517,53.15,GALWAY,18:13:00,2013,2013/09/04 00:00:00+00,B-853,ATLANTIC 85,ILB,225,SW,CLOUDY,FAIR,SLIGHT
-9.1333,53.2417,GALWAY,13:59:00,2013,2013/09/15 00:00:00+00,B-853,ATLANTIC 85,ILB,270,W,CLOUDY,FAIR,CHOPPY
-9.0283,53.2617,GALWAY,17:38:00,2013,2013/10/17 00:00:00+00,B-853,ATLANTIC 85,ILB,270,W,CLOUDY,GOOD,SLIGHT
-9.0283,53.2617,GALWAY,20:46:00,2013,2013/10/20 00:00:00+00,B-853,ATLANTIC 85,ILB,180,S,PART CLOUDY,GOOD,SMOOTH
-9.05,53.27,GALWAY,02:05:00,2013,2013/11/01 00:00:00+00,B-853,ATLANTIC 85,ILB,225,SW,CLOUDY,FAIR,SLIGHT
-9.0467,53.2667,GALWAY,18:45:00,2013,2013/12/02 00:00:00+00,B-853,ATLANTIC 85,ILB,90,E,PART CLOUDY,GOOD,SMOOTH
-9.0467,53.2683,GALWAY,22:24:00,2013,2013/12/26 00:00:00+00,B-853,ATLANTIC 85,ILB,180,S,SQUALLY,POOR,VERY ROUGH
-9.3013,53.2423,GALWAY,15:20:00,2014,2014/02/01 00:00:00+00,B-853,ATLANTIC 85,ILB,315,NW,PART CLOUDY,GOOD,ROUGH
-9.0467,53.2675,GALWAY,18:27:00,2014,2014/02/05 00:00:00+00,B-853,ATLANTIC 85,ILB,315,NW,PART CLOUDY,GOOD,SLIGHT
-9.0467,53.2667,GALWAY,22:10:00,2014,2014/02/19 00:00:00+00,B-853,ATLANTIC 85,ILB,270,W,CLOUDY,FAIR,SLIGHT
-9.0467,53.2675,GALWAY,23:56:00,2014,2014/03/08 00:00:00+00,B-853,ATLANTIC 85,ILB,248,WSW,CLOUDY,GOOD,SMOOTH
-9.0833,53.25,GALWAY,16:30:00,2014,2014/03/25 00:00:00+00,B-853,ATLANTIC 85,ILB,338,NNW,PART CLOUDY,GOOD,SLIGHT
-9.0833,53.25,GALWAY,10:05:00,2014,2014/03/28 00:00:00+00,B-853,ATLANTIC 85,ILB,23,NNE,PART CLOUDY,GOOD,CALM
-8.9583,53.18,GALWAY,14:50:00,2014,2014/04/06 00:00:00+00,B-853,ATLANTIC 85,ILB,225,SW,CLOUDY,GOOD,ROUGH
-9.2167,53.2458,GALWAY,16:00:00,2014,2014/04/06 00:00:00+00,B-853,ATLANTIC 85,ILB,225,SW,CLOUDY,GOOD,ROUGH
-9.05,53.2675,GALWAY,21:02:00,2014,2014/04/06 00:00:00+00,B-853,ATLANTIC 85,ILB,225,SW,CLOUDY,GOOD,ROUGH
-9.05,53.2675,GALWAY,03:00:00,2014,2014/04/25 00:00:00+00,B-853,ATLANTIC 85,ILB,158,SSE,PART CLOUDY,GOOD,CALM
-9.025,53.26,GALWAY,13:56:00,2014,2014/04/28 00:00:00+00,B-853,ATLANTIC 85,ILB,0,N,PART CLOUDY,GOOD,CALM
-9.2667,53.1583,GALWAY,21:34:00,2014,2014/05/04 00:00:00+00,B-853,ATLANTIC 85,ILB,135,SE,CLOUDY,FAIR,CHOPPY
-9.05,53.2675,GALWAY,18:23:00,2014,2014/05/18 00:00:00+00,B-853,ATLANTIC 85,ILB,0,N,CLEAR SKY,GOOD,CALM
-9.0917,53.2517,GALWAY,06:11:00,2014,2014/05/26 00:00:00+00,B-853,ATLANTIC 85,ILB,180,S,CLOUDY,GOOD,SMOOTH
-9.0917,53.2517,GALWAY,10:04:00,2014,2014/05/26 00:00:00+00,B-853,ATLANTIC 85,ILB,135,SE,CLOUDY,GOOD,SMOOTH
-9.0217,53.2617,GALWAY,12:30:00,2014,2014/05/27 00:00:00+00,B-853,ATLANTIC 85,ILB,135,SE,CLEAR SKY,GOOD,SMOOTH
-8.9833,53.2425,GALWAY,17:00:00,2014,2014/06/01 00:00:00+00,B-853,ATLANTIC 85,ILB,180,S,MIST,FAIR,SLIGHT
-9.025,53.2675,GALWAY,17:57:00,2014,2014/06/02 00:00:00+00,B-853,ATLANTIC 85,ILB,270,W,OVERCAST,GOOD,SMOOTH
-9.0417,53.2508,GALWAY,09:45:00,2014,2014/06/21 00:00:00+00,B-853,ATLANTIC 85,ILB,0,N,PART CLOUDY,GOOD,CALM
-9.2133,53.2425,GALWAY,07:19:00,2014,2014/06/23 00:00:00+00,B-853,ATLANTIC 85,ILB,45,NE,CLOUDY,GOOD,CALM
-9.0917,53.2508,GALWAY,22:03:00,2014,2014/06/27 00:00:00+00,B-853,ATLANTIC 85,ILB,0,N,CLOUDY,FAIR,CALM
-9.22,53.2425,GALWAY,19:30:00,2014,2014/07/15 00:00:00+00,B-853,ATLANTIC 85,ILB,203,SSW,OVERCAST,FAIR,SLIGHT
-9.15,53.2425,GALWAY,22:20:00,2014,2014/07/15 00:00:00+00,B-853,ATLANTIC 85,ILB,135,SE,CLOUDY,FAIR,ROUGH
-9.0417,53.267,GALWAY,16:08:00,2014,2014/08/16 00:00:00+00,B-853,ATLANTIC 85,ILB,315,NW,CLOUDY,GOOD,CHOPPY
-9.1403,53.238,GALWAY,14:34:00,2014,2014/08/22 00:00:00+00,B-853,ATLANTIC 85,ILB,0,N,PART CLOUDY,GOOD,SMOOTH
-9.1667,53.15,GALWAY,18:55:00,2014,2014/08/22 00:00:00+00,B-853,ATLANTIC 85,ILB,0,N,CLEAR SKY,GOOD,SLIGHT
-9.025,53.26,GALWAY,13:48:00,2014,2014/09/07 00:00:00+00,B-853,ATLANTIC 85,ILB,45,NE,CLEAR SKY,GOOD,SMOOTH
-9,53.2508,GALWAY,18:00:00,2014,2014/09/10 00:00:00+00,B-853,ATLANTIC 85,ILB,0,N,CLOUDY,GOOD,CALM
-9.2,53.2,GALWAY,20:11:00,2014,2014/09/21 00:00:00+00,B-853,ATLANTIC 85,ILB,225,SW,CLEAR SKY,GOOD,CALM
-9.09,53.25,GALWAY,19:25:00,2014,2014/10/01 00:00:00+00,B-853,ATLANTIC 85,ILB,225,SW,PART CLOUDY,GOOD,SMOOTH
-9.0833,53.25,GALWAY,18:55:00,2014,2014/10/22 00:00:00+00,B-853,ATLANTIC 85,ILB,0,N,CLOUDY,GOOD,CHOPPY
-9.0482,53.2692,GALWAY,01:43:00,2014,2014/11/11 00:00:00+00,B-853,ATLANTIC 85,ILB,135,SE,PART CLOUDY,GOOD,SMOOTH
-9.0833,53.238,GALWAY,20:50:00,2014,2014/12/01 00:00:00+00,B-853,ATLANTIC 85,ILB,270,W,CLEAR SKY,GOOD,CALM
-9.0883,53.2575,GALWAY,01:08:00,2015,2015/01/05 00:00:00+00,B-853,ATLANTIC 85,ILB,135,SE,PART CLOUDY,FAIR,CHOPPY
-9.0067,53.23,GALWAY,15:00:00,2015,2015/01/21 00:00:00+00,B-853,ATLANTIC 85,ILB,180,S,PART CLOUDY,GOOD,CALM
-9.1333,53.1333,GALWAY,20:32:00,2015,2015/02/01 00:00:00+00,B-853,ATLANTIC 85,ILB,0,N,CLEAR SKY,GOOD,CALM
-9.0567,53.2533,GALWAY,20:43:00,2015,2015/03/24 00:00:00+00,B-853,ATLANTIC 85,ILB,270,W,CLEAR SKY,GOOD,CALM
-9.1217,53.245,GALWAY,20:01:00,2015,2015/04/22 00:00:00+00,B-853,ATLANTIC 85,ILB,90,E,CLEAR SKY,GOOD,CALM
-9.0417,53.2717,GALWAY,23:46:00,2015,2015/05/06 00:00:00+00,B-853,ATLANTIC 85,ILB,0,N,CLEAR SKY,GOOD,CALM
-9.0383,53.2717,GALWAY,20:04:00,2015,2015/06/09 00:00:00+00,B-853,ATLANTIC 85,ILB,0,N,CLEAR SKY,GOOD,CALM
-9.0033,53.17,GALWAY,23:33:00,2015,2015/06/14 00:00:00+00,B-853,ATLANTIC 85,ILB,45,NE,CLEAR SKY,GOOD,CALM
-8.997,53.245,GALWAY,17:18:00,2015,2015/06/20 00:00:00+00,B-853,ATLANTIC 85,ILB,270,W,PART CLOUDY,GOOD,CHOPPY
-9.0489,53.2669,GALWAY,23:13:00,2015,2015/06/24 00:00:00+00,B-853,ATLANTIC 85,ILB,270,W,PART CLOUDY,FAIR,SMOOTH
-9.145,53.125,GALWAY,19:00:00,2015,2015/07/15 00:00:00+00,B-853,ATLANTIC 85,ILB,315,NW,PART CLOUDY,GOOD,SMOOTH
-9.3205,53.225,GALWAY,23:11:00,2015,2015/07/16 00:00:00+00,B-853,ATLANTIC 85,ILB,135,SE,PART CLOUDY,GOOD,CHOPPY
-8.9833,53.2333,GALWAY,14:19:00,2015,2015/08/06 00:00:00+00,B-853,ATLANTIC 85,ILB,0,N,CLOUDY,GOOD,SLIGHT
-9.0567,53.25,GALWAY,21:28:00,2015,2015/08/17 00:00:00+00,B-853,ATLANTIC 85,ILB,180,S,CLEAR SKY,GOOD,CALM
-9.0567,53.275,GALWAY,23:05:00,2015,2015/08/19 00:00:00+00,B-853,ATLANTIC 85,ILB,225,SW,PART CLOUDY,GOOD,CALM
-8.975,53.2583,GALWAY,11:55:00,2015,2015/09/03 00:00:00+00,B-853,ATLANTIC 85,ILB,0,N,CLOUDY,GOOD,SMOOTH
-9.0687,53.255,GALWAY,16:28:00,2015,2015/09/07 00:00:00+00,B-853,ATLANTIC 85,ILB,225,SW,PART CLOUDY,GOOD,SLIGHT
-9.1,53.2533,GALWAY,18:50:00,2015,2015/09/08 00:00:00+00,B-853,ATLANTIC 85,ILB,180,S,PART CLOUDY,FAIR,SMOOTH
-8.975,53.2583,GALWAY,18:59:00,2015,2015/09/27 00:00:00+00,B-853,ATLANTIC 85,ILB,225,SW,CLEAR SKY,GOOD,CALM
-9.0233,53.2583,GALWAY,16:26:00,2015,2015/10/01 00:00:00+00,B-853,ATLANTIC 85,ILB,0,N,CLEAR SKY,GOOD,CALM
-9.3567,53.2208,GALWAY,20:14:00,2015,2015/10/17 00:00:00+00,B-853,ATLANTIC 85,ILB,90,E,CLEAR SKY,GOOD,CALM
-9.0417,53.2667,GALWAY,02:15:00,2015,2015/11/28 00:00:00+00,B-853,ATLANTIC 85,ILB,248,WSW,PART CLOUDY,FAIR,SLIGHT
-9.0417,53.2667,GALWAY,08:08:00,2015,2015/12/20 00:00:00+00,B-853,ATLANTIC 85,ILB,225,SW,CLOUDY,FAIR,ROUGH
-9,53.2583,GALWAY,12:00:00,2016,2016/01/02 00:00:00+00,B-853,ATLANTIC 85,ILB,225,SW,PART CLOUDY,GOOD,SMOOTH
-8.97,53.27,GALWAY,14:22:00,2016,2016/01/03 00:00:00+00,B-853,ATLANTIC 85,ILB,203,SSW,CLOUDY,GOOD,CHOPPY
-8.9917,53.2383,GALWAY,12:38:00,2016,2016/01/07 00:00:00+00,B-853,ATLANTIC 85,ILB,338,NNW,CLOUDY,GOOD,CHOPPY
-9.0417,53.2667,GALWAY,02:47:00,2016,2016/01/31 00:00:00+00,B-853,ATLANTIC 85,ILB,180,S,CLOUDY,FAIR,SLIGHT
-9.0633,53.2583,GALWAY,02:40:00,2016,2016/02/15 00:00:00+00,B-853,ATLANTIC 85,ILB,0,N,CLEAR SKY,GOOD,CALM
-9.0667,53.2583,GALWAY,23:10:00,2016,2016/03/10 00:00:00+00,B-853,ATLANTIC 85,ILB,0,N,PART CLOUDY,GOOD,CALM
-9.0417,53.2583,GALWAY,18:14:00,2016,2016/03/10 00:00:00+00,B-853,ATLANTIC 85,ILB,0,N,CLEAR SKY,GOOD,SMOOTH
-9.09,53.255,GALWAY,13:24:00,2016,2016/03/10 00:00:00+00,B-853,ATLANTIC 85,ILB,203,SSW,CLEAR SKY,GOOD,CALM
-9,53.2417,GALWAY,10:30:00,2016,2016/03/11 00:00:00+00,B-853,ATLANTIC 85,ILB,225,SW,CLOUDY,GOOD,SLIGHT
-9,53.2583,GALWAY,13:00:00,2016,2016/03/11 00:00:00+00,B-853,ATLANTIC 85,ILB,225,SW,CLOUDY,GOOD,SLIGHT
-9.0417,53.2667,GALWAY,12:30:00,2016,2016/03/13 00:00:00+00,B-853,ATLANTIC 85,ILB,0,N,PART CLOUDY,GOOD,SMOOTH
-8.9917,53.2383,GALWAY,10:22:00,2016,2016/03/18 00:00:00+00,B-853,ATLANTIC 85,ILB,180,S,PART CLOUDY,GOOD,CALM
-9,53.2417,GALWAY,14:00:00,2016,2016/03/25 00:00:00+00,B-853,ATLANTIC 85,ILB,225,SW,PART CLOUDY,GOOD,ROUGH
-9.1417,53.2433,GALWAY,18:59:00,2016,2016/03/30 00:00:00+00,B-853,ATLANTIC 85,ILB,270,W,CLOUDY,GOOD,SLIGHT
-9.0417,53.2667,GALWAY,12:23:00,2016,2016/04/02 00:00:00+00,B-853,ATLANTIC 85,ILB,135,SE,CLOUDY,GOOD,CHOPPY
-9.0417,53.2667,GALWAY,16:00:00,2016,2016/04/02 00:00:00+00,B-853,ATLANTIC 85,ILB,135,SE,CLOUDY,GOOD,SLIGHT
-9.0417,53.2667,GALWAY,18:00:00,2016,2016/04/02 00:00:00+00,B-853,ATLANTIC 85,ILB,135,SE,CLOUDY,GOOD,CHOPPY
-9.0417,53.2417,GALWAY,08:15:00,2016,2016/04/03 00:00:00+00,B-853,ATLANTIC 85,ILB,270,W,PART CLOUDY,GOOD,CALM
-9,53.2583,GALWAY,10:05:00,2016,2016/04/03 00:00:00+00,B-853,ATLANTIC 85,ILB,270,W,PART CLOUDY,GOOD,CALM
-9,53.2417,GALWAY,13:10:00,2016,2016/04/04 00:00:00+00,B-853,ATLANTIC 85,ILB,90,E,PART CLOUDY,GOOD,CALM
-9,53.2583,GALWAY,18:00:00,2016,2016/04/06 00:00:00+00,B-853,ATLANTIC 85,ILB,315,NW,CLOUDY,FAIR,CHOPPY
-8.9667,53.2417,GALWAY,11:45:00,2016,2016/04/09 00:00:00+00,B-853,ATLANTIC 85,ILB,225,SW,PART CLOUDY,GOOD,SMOOTH
-9,53.2583,GALWAY,11:45:00,2016,2016/04/09 00:00:00+00,B-853,ATLANTIC 85,ILB,225,SW,PART CLOUDY,GOOD,SMOOTH
-9.0667,53.185,GALWAY,12:54:00,2016,2016/04/12 00:00:00+00,B-853,ATLANTIC 85,ILB,225,SW,PART CLOUDY,GOOD,CALM
-9.3067,53.2333,GALWAY,18:08:00,2016,2016/04/21 00:00:00+00,B-853,ATLANTIC 85,ILB,90,E,CLOUDY,GOOD,SMOOTH
-9.0417,53.2667,GALWAY,21:31:00,2016,2016/04/23 00:00:00+00,B-853,ATLANTIC 85,ILB,225,SW,PART CLOUDY,GOOD,SMOOTH
-9.0547,53.27,GALWAY,16:07:00,2016,2016/04/28 00:00:00+00,B-853,ATLANTIC 85,ILB,45,NE,PART CLOUDY,GOOD,SMOOTH
-8.9867,53.2417,GALWAY,15:30:00,2016,2016/04/29 00:00:00+00,B-853,ATLANTIC 85,ILB,0,N,PART CLOUDY,GOOD,CALM
-9.0083,53.2617,GALWAY,15:19:00,2016,2016/05/08 00:00:00+00,B-853,ATLANTIC 85,ILB,135,SE,PART CLOUDY,GOOD,SLIGHT
-9.05,53.2583,GALWAY,16:22:00,2016,2016/05/09 00:00:00+00,B-853,ATLANTIC 85,ILB,135,SE,CLOUDY,GOOD,SMOOTH
-9.0667,53.2533,GALWAY,14:05:00,2016,2016/05/15 00:00:00+00,B-853,ATLANTIC 85,ILB,0,N,CLEAR SKY,EXCELLENT,CALM
-9.0833,53.2533,GALWAY,13:53:00,2016,2016/05/15 00:00:00+00,B-853,ATLANTIC 85,ILB,135,SE,CLEAR SKY,EXCELLENT,CALM
-9.0417,53.2667,GALWAY,22:49:00,2016,2016/05/24 00:00:00+00,B-853,ATLANTIC 85,ILB,0,N,PART CLOUDY,GOOD,SMOOTH
-9.3555,53.2333,GALWAY,16:25:00,2016,2016/06/02 00:00:00+00,B-853,ATLANTIC 85,ILB,315,NW,PART CLOUDY,GOOD,SMOOTH
-9.0033,53.2417,GALWAY,19:21:00,2016,2016/06/06 00:00:00+00,B-853,ATLANTIC 85,ILB,270,W,PART CLOUDY,GOOD,CALM
-9.0833,53.2533,GALWAY,21:41:00,2016,2016/06/16 00:00:00+00,B-853,ATLANTIC 85,ILB,0,N,PART CLOUDY,FAIR,SLIGHT
-9.0167,53.2667,GALWAY,18:45:00,2016,2016/07/03 00:00:00+00,B-853,ATLANTIC 85,ILB,270,W,CLEAR SKY,EXCELLENT,SLIGHT
-9.0033,53.25,GALWAY,11:55:00,2016,2016/07/09 00:00:00+00,B-853,ATLANTIC 85,ILB,180,S,CLOUDY,FAIR,ROUGH
-8.9617,53.1717,GALWAY,15:30:00,2016,2016/07/21 00:00:00+00,B-853,ATLANTIC 85,ILB,180,S,PART CLOUDY,GOOD,CALM
-9.135,53.1533,GALWAY,14:19:00,2016,2016/07/30 00:00:00+00,B-853,ATLANTIC 85,ILB,315,NW,OVERCAST,GOOD,SLIGHT
-9.05,53.2633,GALWAY,12:50:00,2016,2016/08/06 00:00:00+00,B-853,ATLANTIC 85,ILB,270,W,PART CLOUDY,GOOD,SMOOTH
-9.1567,53.1333,GALWAY,17:22:00,2016,2016/08/16 00:00:00+00,B-853,ATLANTIC 85,ILB,135,SE,CLOUDY,GOOD,SLIGHT
-8.9617,53.2417,GALWAY,18:17:00,2016,2016/08/20 00:00:00+00,B-853,ATLANTIC 85,ILB,270,W,CLOUDY,GOOD,ROUGH
-9.1,53.2383,GALWAY,19:02:00,2016,2016/08/21 00:00:00+00,B-853,ATLANTIC 85,ILB,225,SW,CLOUDY,FAIR,CHOPPY
-9.0208,53.2037,GALWAY,15:45:00,2016,2016/09/07 00:00:00+00,B-853,ATLANTIC 85,ILB,135,SE,PART CLOUDY,GOOD,SLIGHT
-9.0783,53.2567,GALWAY,15:36:00,2016,2016/10/02 00:00:00+00,B-853,ATLANTIC 85,ILB,225,SW,CLOUDY,GOOD,SLIGHT
-9.1072,53.1585,GALWAY,14:54:00,2016,2016/11/08 00:00:00+00,B-853,ATLANTIC 85,ILB,315,NW,CLOUDY,GOOD,CHOPPY
-9.05,53.2567,GALWAY,00:29:00,2016,2016/11/25 00:00:00+00,B-853,ATLANTIC 85,ILB,23,NNE,CLEAR SKY,FAIR,CALM
-9.05475,53.26976,GALWAY,20:26:00,2017,2017/01/08 20:35:59+00,B-853,ATLANTIC 85,ILB,45,NE,PART CLOUDY,GOOD,MOD/CHOP
-9.05371,53.26911,GALWAY,19:05:00,2017,2017/01/13 18:04:59+00,B-853,ATLANTIC 85,ILB,315,NW,CLEAR SKY,GOOD,CALM
-9.05484,53.2697,GALWAY,19:05:00,2017,2017/01/13 19:05:00+00,B-853,ATLANTIC 85,ILB,315,NW,PART CLOUDY,GOOD,SMOOTH
-9.055,53.26976,GALWAY,07:25:00,2017,2017/01/19 07:38:00+00,B-853,ATLANTIC 85,ILB,135,SE,PART CLOUDY,FAIR,SMOOTH
-9.04508,53.26892,GALWAY,05:07:00,2017,2017/02/04 05:16:59+00,B-853,ATLANTIC 85,ILB,180,S,PART CLOUDY,GOOD,SLIGHT
-9.05681,53.25385,GALWAY,19:10:00,2017,2017/03/15 16:50:00+00,B-853,ATLANTIC 85,ILB,225,SW,CLEAR SKY,GOOD,SLIGHT
-9.08351,53.25714,GALWAY,20:46:00,2017,2017/04/18 21:00:00+00,B-853,ATLANTIC 85,ILB,270,W,CLOUDY,GOOD,SLIGHT
-9.12969,53.25064,GALWAY,20:30:00,2017,2017/04/20 20:32:59+00,B-853,ATLANTIC 85,ILB,315,NW,PART CLOUDY,GOOD,SMOOTH
-9.025,53.25833,GALWAY,13:32:00,2017,2017/05/10 13:40:00+00,B-853,ATLANTIC 85,ILB,270,W,CLEAR SKY,EXCELLENT,CALM
-9.08889,53.24143,GALWAY,15:28:00,2017,2017/06/19 15:35:00+00,B-853,ATLANTIC 85,ILB,0,N,CLEAR SKY,EXCELLENT,SMOOTH
-9.02606,53.25971,GALWAY,18:16:00,2017,2017/06/30 18:24:00+00,B-853,ATLANTIC 85,ILB,270,W,CLEAR SKY,GOOD,SLIGHT
-9.08167,53.24833,GALWAY,21:05:00,2017,2017/07/05 21:10:00+00,B-853,ATLANTIC 85,ILB,225,SW,CLEAR SKY,GOOD,CALM
-9.04384,53.26696,GALWAY,20:45:00,2017,2017/07/16 20:55:59+00,B-853,ATLANTIC 85,ILB,270,W,PART CLOUDY,GOOD,CALM
-9.08403,53.25489,GALWAY,20:35:00,2017,2017/07/22 20:45:00+00,B-853,ATLANTIC 85,ILB,270,W,CLOUDY,FAIR,CALM
-9.07222,53.25833,GALWAY,11:10:00,2017,2017/09/07 11:26:59+00,B-853,ATLANTIC 85,ILB,225,SW,PART CLOUDY,GOOD,SMOOTH
-9.02214,53.26105,GALWAY,18:37:00,2017,2017/09/13 18:49:00+00,B-853,ATLANTIC 85,ILB,315,NW,CLEAR SKY,EXCELLENT,SMOOTH
-9.01939,53.26669,GALWAY,15:59:00,2017,2017/10/06 16:09:59+00,B-853,ATLANTIC 85,ILB,225,SW,CLOUDY,GOOD,SLIGHT
-8.967,53.1899,GALWAY,15:55:00,2017,2017/10/15 16:05:00+00,B-853,ATLANTIC 85,ILB,225,SW,CLOUDY,GOOD,SLIGHT
-9.04952,53.26751,GALWAY,05:44:00,2017,2017/10/19 05:55:00+00,B-853,ATLANTIC 85,ILB,225,SW,RAIN / HAIL,GOOD,MOD/CHOP
-9.05913,53.28188,GALWAY,15:20:00,2017,2017/11/14 15:30:00+00,B-853,ATLANTIC 85,ILB,90,E,CLEAR SKY,GOOD,CALM
-9.11313,53.23476,GALWAY,22:52:00,2017,2017/11/22 21:56:59+00,B-853,ATLANTIC 85,ILB,315,NW,STORM,POOR,ROUGH
-8.98215,53.25252,GALWAY,21:52:00,2017,2017/11/23 08:05:00+00,B-853,ATLANTIC 85,ILB,270,W,CLOUDY,FAIR,SLIGHT
-9.30217,53.2142,GALWAY,13:21:00,2017,2017/12/09 13:34:59+00,B-853,ATLANTIC 85,ILB,135,SE,CLOUDY,GOOD,CALM
-9.0548,53.26958,GALWAY,20:10:00,2017,2017/12/24 20:19:59+00,B-853,ATLANTIC 85,ILB,225,SW,CLOUDY,GOOD,SLIGHT
-9.05366,53.25238,GALWAY,08:53:00,2017,2017/12/30 09:07:00+00,B-853,ATLANTIC 85,ILB,225,SW,CLOUDY,GOOD,MOD/CHOP
-9.09246,53.25515,GALWAY,14:42:00,2017,2017/12/30 14:58:00+00,B-853,ATLANTIC 85,ILB,270,W,PART CLOUDY,GOOD,MOD/CHOP
-9.08415,53.25538,GALWAY,03:13:00,2018,2018/01/15 03:27:00+00,B-853,ATLANTIC 85,ILB,225,SW,MIST,POOR,MOD/CHOP
-9.03423,53.26347,GALWAY,13:15:00,2018,2018/02/18 13:15:00+00,B-853,ATLANTIC 85,ILB,225,SW,CLOUDY,GOOD,CALM
-9.05591,53.27276,GALWAY,11:00:00,2018,2018/02/22 11:06:59+00,B-853,ATLANTIC 85,ILB,225,SW,CLOUDY,GOOD,SMOOTH
-9.04458,53.26786,GALWAY,12:01:00,2018,2018/02/22 12:10:00+00,B-853,ATLANTIC 85,ILB,225,SW,CLOUDY,GOOD,SMOOTH
-9.02518,53.25895,GALWAY,12:51:00,2018,2018/03/01 12:53:00+00,B-853,ATLANTIC 85,ILB,90,E,CLOUDY,FAIR,SLIGHT
-9.05409,53.26823,GALWAY,19:38:00,2018,2018/03/21 19:47:59+00,B-853,ATLANTIC 85,ILB,180,S,PART CLOUDY,GOOD,CALM
-9.09172,53.25525,GALWAY,17:00:00,2018,2018/04/12 17:10:00+00,B-853,ATLANTIC 85,ILB,90,E,PART CLOUDY,GOOD,CALM
-9.05545,53.27016,GALWAY,00:24:00,2018,2018/05/05 00:40:59+00,B-853,ATLANTIC 85,ILB,225,SW,CLOUDY,GOOD,SLIGHT
-9.05226,53.26865,GALWAY,21:55:00,2018,2018/05/31 22:02:00+00,B-853,ATLANTIC 85,ILB,225,SW,CLOUDY,GOOD,CALM
-9.02733,53.26121,GALWAY,17:32:00,2018,2018/06/12 17:44:00+00,B-853,ATLANTIC 85,ILB,135,SE,CLEAR SKY,GOOD,CALM
-9.05568,53.27398,GALWAY,13:17:00,2018,2018/06/25 13:28:59+00,B-853,ATLANTIC 85,ILB,315,NW,CLEAR SKY,GOOD,CALM
-9.02609,53.25923,GALWAY,19:16:00,2018,2018/06/30 19:24:00+00,B-853,ATLANTIC 85,ILB,270,W,CLEAR SKY,GOOD,SMOOTH
-9.04269,53.25607,GALWAY,09:09:00,2018,2018/07/02 09:14:59+00,B-853,ATLANTIC 85,ILB,225,SW,CLOUDY,GOOD,CALM
-9.02379,53.25945,GALWAY,11:20:00,2018,2018/07/26 11:42:00+00,B-853,ATLANTIC 85,ILB,180,S,CLOUDY,FAIR,SLIGHT
-9.04911,53.26722,GALWAY,02:58:00,2018,2018/09/12 03:10:00+00,B-853,ATLANTIC 85,ILB,270,W,PART CLOUDY,FAIR,CALM
-9.04254,53.26652,GALWAY,14:39:00,2018,2018/09/15 14:55:59+00,B-853,ATLANTIC 85,ILB,225,SW,CLOUDY,GOOD,MOD/CHOP
-9.04413,53.25946,GALWAY,10:49:00,2018,2018/09/24 11:00:00+00,B-853,ATLANTIC 85,ILB,180,S,PART CLOUDY,GOOD,CALM
-9.30541,53.16036,GALWAY,19:04:00,2018,2018/09/29 19:41:00+00,B-853,ATLANTIC 85,ILB,225,SW,CLOUDY,GOOD,SLIGHT
-9.05295,53.26798,GALWAY,06:23:00,2018,2018/10/17 06:27:59+00,B-853,ATLANTIC 85,ILB,225,SW,PART CLOUDY,FAIR,CALM
-9.01179,53.23227,GALWAY,07:45:00,2018,2018/12/16 07:51:59+00,B-853,ATLANTIC 85,ILB,225,SW,CLEAR SKY,GOOD,CALM
-9.06051,53.28237,GALWAY,14:53:00,2019,2019/01/06 15:01:00+00,B-853,ATLANTIC 85,ILB,225,SW,CLOUDY,GOOD,SLIGHT
-9.04733,53.26745,GALWAY,00:33:00,2019,2019/01/09 00:45:00+00,B-853,ATLANTIC 85,ILB,315,NW,CLOUDY,POOR,CALM
-8.98664,53.24478,GALWAY,12:30:00,2019,2019/01/19 12:30:00+00,B-853,ATLANTIC 85,ILB,315,NW,CLEAR SKY,POOR,CALM
-9.22833,53.24,GALWAY,15:53:00,2019,2019/01/20 16:09:59+00,B-853,ATLANTIC 85,ILB,0,N,CLEAR SKY,GOOD,CALM
-9.01926,53.26899,GALWAY,18:48:00,2019,2019/01/23 19:02:59+00,B-853,ATLANTIC 85,ILB,225,SW,MIST,FAIR,SLIGHT
-9.04922,53.26852,GALWAY,17:20:00,2019,2019/01/25 17:35:00+00,B-853,ATLANTIC 85,ILB,270,W,MIST,FAIR,CALM
-9.30799,53.23789,GALWAY,14:41:00,2019,2019/02/04 14:51:00+00,B-853,ATLANTIC 85,ILB,225,SW,CLEAR SKY,GOOD,CALM
-9.04773,53.26905,GALWAY,11:00:00,2019,2019/02/22 11:07:59+00,B-853,ATLANTIC 85,ILB,270,W,OVERCAST,GOOD,SMOOTH
-9.05117,53.26804,GALWAY,09:36:00,2019,2019/02/25 09:46:59+00,B-853,ATLANTIC 85,ILB,270,W,CLEAR SKY,GOOD,CALM
-9.11144,53.21528,GALWAY,18:42:00,2019,2019/03/03 18:49:59+00,B-853,ATLANTIC 85,ILB,270,W,OVERCAST,GOOD,SLIGHT
-9.03812,53.26782,GALWAY,13:33:00,2019,2019/03/11 14:39:00+00,B-853,ATLANTIC 85,ILB,180,S,RAIN / HAIL,POOR,SLIGHT
-9.05248,53.26845,GALWAY,18:56:00,2019,2019/03/11 18:59:59+00,B-853,ATLANTIC 85,ILB,180,S,RAIN / HAIL,POOR,MOD/CHOP
-9.05239,53.2685,GALWAY,17:15:00,2019,2019/03/21 17:15:00+00,B-853,ATLANTIC 85,ILB,225,SW,CLEAR SKY,GOOD,CALM
-9.05728,53.23743,GALWAY,14:08:00,2019,2019/03/24 14:16:00+00,B-853,ATLANTIC 85,ILB,270,W,PART CLOUDY,FAIR,SLIGHT
-9.14837,53.24892,GALWAY,12:09:00,2019,2019/03/30 12:19:00+00,B-853,ATLANTIC 85,ILB,270,W,PART CLOUDY,GOOD,SMOOTH
-9.14837,53.24892,GALWAY,12:09:00,2019,2019/03/30 12:19:00+00,B-853,ATLANTIC 85,ILB,270,W,PART CLOUDY,GOOD,SMOOTH
-9.14837,53.24892,GALWAY,12:09:00,2019,2019/03/30 12:19:00+00,B-853,ATLANTIC 85,ILB,270,W,PART CLOUDY,GOOD,SMOOTH
-9.14792,53.24904,GALWAY,22:10:00,2019,2019/04/20 22:25:00+00,B-853,ATLANTIC 85,ILB,270,W,CLEAR SKY,GOOD,CALM
-9.01943,53.26347,GALWAY,15:38:00,2019,2019/04/22 15:45:00+00,B-853,ATLANTIC 85,ILB,180,S,CLOUDY,EXCELLENT,MOD/CHOP
-9.11376,53.25566,GALWAY,20:32:00,2019,2019/04/29 20:44:00+00,B-853,ATLANTIC 85,ILB,135,SE,PART CLOUDY,FAIR,SLIGHT
-9.02527,53.25958,GALWAY,19:56:00,2019,2019/05/06 20:03:59+00,B-853,ATLANTIC 85,ILB,45,NE,CLOUDY,GOOD,CALM
-9.05037,53.2694,GALWAY,20:32:00,2019,2019/05/10 20:44:00+00,B-853,ATLANTIC 85,ILB,0,N,PART CLOUDY,GOOD,CALM
-9.04828,53.26944,GALWAY,04:30:00,2019,2019/06/15 04:37:00+00,B-853,ATLANTIC 85,ILB,225,SW,PART CLOUDY,GOOD,SLIGHT
-9.04828,53.26944,GALWAY,04:30:00,2019,2019/06/15 04:37:00+00,B-853,ATLANTIC 85,ILB,225,SW,PART CLOUDY,GOOD,SLIGHT
-9.04828,53.26944,GALWAY,04:30:00,2019,2019/06/15 04:37:00+00,B-853,ATLANTIC 85,ILB,225,SW,PART CLOUDY,GOOD,SLIGHT
-9.13054,53.24539,GALWAY,16:40:00,2019,2019/06/22 16:41:00+00,B-853,ATLANTIC 85,ILB,135,SE,OVERCAST,GOOD,SMOOTH
-9.13054,53.24539,GALWAY,16:40:00,2019,2019/06/22 16:41:00+00,B-853,ATLANTIC 85,ILB,135,SE,OVERCAST,GOOD,SMOOTH
-9.13054,53.24539,GALWAY,16:40:00,2019,2019/06/22 16:41:00+00,B-853,ATLANTIC 85,ILB,135,SE,OVERCAST,GOOD,SMOOTH
-9.09983,53.24324,GALWAY,15:22:00,2019,2019/06/25 15:30:00+00,B-853,ATLANTIC 85,ILB,270,W,PART CLOUDY,GOOD,CALM
-9.13522,53.24329,GALWAY,20:22:00,2019,2019/06/26 20:39:59+00,B-853,ATLANTIC 85,ILB,90,E,CLOUDY,EXCELLENT,MOD/CHOP
-9.13522,53.24329,GALWAY,20:22:00,2019,2019/06/26 20:39:59+00,B-853,ATLANTIC 85,ILB,90,E,CLOUDY,EXCELLENT,MOD/CHOP
-9.13522,53.24329,GALWAY,20:22:00,2019,2019/06/26 20:39:59+00,B-853,ATLANTIC 85,ILB,90,E,CLOUDY,EXCELLENT,MOD/CHOP
-9.13238,53.24426,GALWAY,20:22:00,2019,2019/06/27 20:39:59+00,B-853,ATLANTIC 85,ILB,90,E,CLOUDY,EXCELLENT,SLIGHT
-9.0861,53.24722,GALWAY,16:48:00,2019,2019/07/05 15:59:59+00,B-853,ATLANTIC 85,ILB,270,W,CLOUDY,FAIR,CALM
-9.0861,53.24722,GALWAY,16:48:00,2019,2019/07/05 15:59:59+00,B-853,ATLANTIC 85,ILB,270,W,CLOUDY,FAIR,CALM
-9.0861,53.24722,GALWAY,16:48:00,2019,2019/07/05 15:59:59+00,B-853,ATLANTIC 85,ILB,270,W,CLOUDY,FAIR,CALM
-9.04514,53.26768,GALWAY,23:06:00,2019,2019/08/01 23:23:00+00,B-853,ATLANTIC 85,ILB,180,S,CLOUDY,GOOD,CALM
-9.04514,53.26768,GALWAY,23:06:00,2019,2019/08/01 23:23:00+00,B-853,ATLANTIC 85,ILB,180,S,CLOUDY,GOOD,CALM
-9.04514,53.26768,GALWAY,23:06:00,2019,2019/08/01 23:23:00+00,B-853,ATLANTIC 85,ILB,180,S,CLOUDY,GOOD,CALM
-9.0251,53.22551,GALWAY,02:02:00,2019,2019/08/05 02:18:00+00,B-853,ATLANTIC 85,ILB,225,SW,RAIN / HAIL,POOR,MOD/CHOP
-9.0251,53.22551,GALWAY,02:02:00,2019,2019/08/05 02:18:00+00,B-853,ATLANTIC 85,ILB,225,SW,RAIN / HAIL,POOR,MOD/CHOP
-9.0251,53.22551,GALWAY,02:02:00,2019,2019/08/05 02:18:00+00,B-853,ATLANTIC 85,ILB,225,SW,RAIN / HAIL,POOR,MOD/CHOP
-9.05175,53.26837,GALWAY,05:21:00,2019,2019/08/30 05:21:00+00,B-853,ATLANTIC 85,ILB,315,NW,CLOUDY,POOR,SMOOTH
-9.05175,53.26837,GALWAY,05:21:00,2019,2019/08/30 05:21:00+00,B-853,ATLANTIC 85,ILB,315,NW,CLOUDY,POOR,SMOOTH
-9.05175,53.26837,GALWAY,05:21:00,2019,2019/08/30 05:21:00+00,B-853,ATLANTIC 85,ILB,315,NW,CLOUDY,POOR,SMOOTH
-9.05278,53.26893,GALWAY,23:05:00,2019,2019/09/19 23:15:00+00,B-853,ATLANTIC 85,ILB,135,SE,CLOUDY,GOOD,CALM
-9.05278,53.26893,GALWAY,23:05:00,2019,2019/09/19 23:15:00+00,B-853,ATLANTIC 85,ILB,135,SE,CLOUDY,GOOD,CALM
-9.05278,53.26893,GALWAY,23:05:00,2019,2019/09/19 23:15:00+00,B-853,ATLANTIC 85,ILB,135,SE,CLOUDY,GOOD,CALM
-9.02664,53.25844,GALWAY,16:58:00,2019,2019/10/07 17:15:00+00,B-853,ATLANTIC 85,ILB,270,W,SQUALLY,FAIR,MOD/CHOP
-9.02664,53.25844,GALWAY,16:58:00,2019,2019/10/07 17:15:00+00,B-853,ATLANTIC 85,ILB,270,W,SQUALLY,FAIR,MOD/CHOP
-9.02664,53.25844,GALWAY,16:58:00,2019,2019/10/07 17:15:00+00,B-853,ATLANTIC 85,ILB,270,W,SQUALLY,FAIR,MOD/CHOP
-9.02033,53.26829,GALWAY,18:35:00,2019,2019/10/20 18:48:00+00,B-853,ATLANTIC 85,ILB,225,SW,PART CLOUDY,FAIR,SLIGHT
-9.02033,53.26829,GALWAY,18:35:00,2019,2019/10/20 18:48:00+00,B-853,ATLANTIC 85,ILB,225,SW,PART CLOUDY,FAIR,SLIGHT
-9.02033,53.26829,GALWAY,18:35:00,2019,2019/10/20 18:48:00+00,B-853,ATLANTIC 85,ILB,225,SW,PART CLOUDY,FAIR,SLIGHT
-9.06814,53.26129,GALWAY,17:10:00,2019,2019/10/30 17:19:59+00,B-853,ATLANTIC 85,ILB,90,E,RAIN / HAIL,POOR,SMOOTH
-9.06814,53.26129,GALWAY,17:10:00,2019,2019/10/30 17:19:59+00,B-853,ATLANTIC 85,ILB,90,E,RAIN / HAIL,POOR,SMOOTH
-9.06814,53.26129,GALWAY,17:10:00,2019,2019/10/30 17:19:59+00,B-853,ATLANTIC 85,ILB,90,E,RAIN / HAIL,POOR,SMOOTH
-8.93687,53.14048,GALWAY,20:25:00,2019,2019/10/31 20:35:00+00,B-853,ATLANTIC 85,ILB,135,SE,CLOUDY,GOOD,SMOOTH
-8.93687,53.14048,GALWAY,20:25:00,2019,2019/10/31 20:35:00+00,B-853,ATLANTIC 85,ILB,135,SE,CLOUDY,GOOD,SMOOTH
-8.93687,53.14048,GALWAY,20:25:00,2019,2019/10/31 20:35:00+00,B-853,ATLANTIC 85,ILB,135,SE,CLOUDY,GOOD,SMOOTH
-9.05226,53.26763,GALWAY,14:00:00,2019,2019/11/22 14:00:00+00,B-853,ATLANTIC 85,ILB,135,SE,PART CLOUDY,FAIR,SMOOTH
-9.05226,53.26763,GALWAY,14:00:00,2019,2019/11/22 14:00:00+00,B-853,ATLANTIC 85,ILB,135,SE,PART CLOUDY,FAIR,SMOOTH
-9.05226,53.26763,GALWAY,14:00:00,2019,2019/11/22 14:00:00+00,B-853,ATLANTIC 85,ILB,135,SE,PART CLOUDY,FAIR,SMOOTH
-9.08681,53.25335,GALWAY,09:19:00,2019,2019/12/16 09:30:59+00,B-853,ATLANTIC 85,ILB,270,W,CLEAR SKY,GOOD,CALM
-9.08681,53.25335,GALWAY,09:19:00,2019,2019/12/16 09:30:59+00,B-853,ATLANTIC 85,ILB,270,W,CLEAR SKY,GOOD,CALM
-9.08681,53.25335,GALWAY,09:19:00,2019,2019/12/16 09:30:59+00,B-853,ATLANTIC 85,ILB,270,W,CLEAR SKY,GOOD,CALM
-9.04514,53.26768,GALWAY,08:50:00,2020,2020/01/09 08:58:59+00,B-853,ATLANTIC 85,ILB,270,W,CLEAR SKY,FAIR,SMOOTH
-9.04766,53.26881,GALWAY,02:34:00,2020,2020/02/14 02:42:59+00,B-810,ATLANTIC 85,ILB,225,SW,SQUALLY,POOR,MOD/CHOP
-9.01877,53.26973,GALWAY,06:59:00,2020,2020/03/18 07:09:59+00,B-810,ATLANTIC 85,ILB,315,NW,CLEAR SKY,GOOD,CALM
-9.12689,53.2457,GALWAY,16:34:00,2020,2020/03/20 16:44:00+00,B-810,ATLANTIC 85,ILB,90,E,CLEAR SKY,GOOD,SMOOTH
-9.02355,53.25941,GALWAY,16:36:00,2020,2020/03/29 16:46:00+00,B-810,ATLANTIC 85,ILB,45,NE,CLOUDY,GOOD,CALM
-8.9642,53.19481,GALWAY,12:16:00,2020,2020/04/10 12:35:00+00,B-810,ATLANTIC 85,ILB,180,S,CLEAR SKY,GOOD,CALM
-9.02784,53.26111,GALWAY,15:06:00,2020,2020/05/25 15:20:00+00,B-810,ATLANTIC 85,ILB,270,W,CLEAR SKY,GOOD,SLIGHT
-9.01966,53.26763,GALWAY,14:52:00,2020,2020/06/03 14:57:00+00,B-810,ATLANTIC 85,ILB,0,N,CLEAR SKY,GOOD,CALM
-9.14386,53.24873,GALWAY,17:27:00,2020,2020/06/06 17:34:00+00,B-810,ATLANTIC 85,ILB,45,NE,CLOUDY,GOOD,MOD/CHOP
-9.09196,53.25657,GALWAY,17:00:00,2020,2020/06/17 17:10:00+00,B-810,ATLANTIC 85,ILB,270,W,CLOUDY,GOOD,CALM
-9.02379,53.25945,GALWAY,21:54:00,2020,2020/06/17 21:59:00+00,B-810,ATLANTIC 85,ILB,45,NE,CLOUDY,GOOD,CALM
-9.06959,53.26093,GALWAY,18:49:00,2020,2020/06/21 19:05:00+00,B-810,ATLANTIC 85,ILB,225,SW,CLOUDY,GOOD,MOD/CHOP
-9.02009,53.25895,GALWAY,15:31:00,2020,2020/06/24 15:46:00+00,B-810,ATLANTIC 85,ILB,225,SW,PART CLOUDY,GOOD,SMOOTH
-9.02258,53.26177,GALWAY,16:12:00,2020,2020/06/25 16:25:59+00,B-810,ATLANTIC 85,ILB,270,W,CLEAR SKY,GOOD,CALM
-8.96693,53.24395,GALWAY,21:02:00,2020,2020/07/08 21:14:00+00,B-810,ATLANTIC 85,ILB,0,N,RAIN / HAIL,POOR,SLIGHT
-8.96833,53.19333,GALWAY,11:32:00,2020,2020/07/12 11:48:59+00,B-810,ATLANTIC 85,ILB,225,SW,MIST,POOR,SLIGHT
-9.10988,53.23967,GALWAY,12:26:00,2020,2020/07/19 12:40:59+00,B-810,ATLANTIC 85,ILB,225,SW,CLOUDY,GOOD,CALM
-9.02475,53.25833,GALWAY,14:36:00,2020,2020/07/21 14:48:59+00,B-810,ATLANTIC 85,ILB,225,SW,CLEAR SKY,GOOD,SLIGHT
-9.12792,53.2455,GALWAY,15:00:00,2020,2020/07/21 15:00:00+00,B-810,ATLANTIC 85,ILB,225,SW,PART CLOUDY,GOOD,SLIGHT
-9.0224,53.26049,GALWAY,16:50:00,2020,2020/07/25 16:53:00+00,B-810,ATLANTIC 85,ILB,225,SW,CLOUDY,GOOD,ROUGH
-8.98215,53.25252,GALWAY,13:50:00,2020,2020/07/27 13:59:00+00,B-810,ATLANTIC 85,ILB,270,W,PART CLOUDY,GOOD,SMOOTH
-9.06612,53.26162,GALWAY,15:29:00,2020,2020/08/10 15:40:00+00,B-810,ATLANTIC 85,ILB,45,NE,CLEAR SKY,GOOD,CALM
-9.22886,53.2419,GALWAY,22:09:00,2020,2020/08/12 21:24:59+00,B-810,ATLANTIC 85,ILB,0,N,STORM,POOR,MOD/CHOP
-8.99028,53.17186,GALWAY,15:29:00,2020,2020/08/14 15:40:59+00,B-810,ATLANTIC 85,ILB,270,W,CLEAR SKY,GOOD,CALM
-9.04821,53.25053,GALWAY,20:06:00,2020,2020/08/16 20:13:59+00,B-810,ATLANTIC 85,ILB,270,W,CLOUDY,GOOD,SMOOTH
-9.0667,53.25541,GALWAY,12:34:00,2020,2020/08/21 12:49:59+00,B-810,ATLANTIC 85,ILB,270,W,CLOUDY,POOR,MOD/CHOP
-9.00825,53.26322,GALWAY,16:59:00,2020,2020/08/22 17:16:59+00,B-810,ATLANTIC 85,ILB,270,W,CLOUDY,GOOD,SLIGHT
-9.3108,53.2159,GALWAY,09:26:00,2020,2020/08/31 09:37:59+00,B-810,ATLANTIC 85,ILB,225,SW,PART CLOUDY,GOOD,MOD/CHOP
-9.01943,53.26347,GALWAY,23:29:00,2020,2020/09/07 23:32:00+00,B-810,ATLANTIC 85,ILB,270,W,OVERCAST,FAIR,CALM
-9.05306,53.26796,GALWAY,08:59:00,2020,2020/09/23 09:10:00+00,B-810,ATLANTIC 85,ILB,225,SW,CLEAR SKY,GOOD,CALM
-9.05599,53.27151,GALWAY,23:39:00,2020,2020/10/24 23:52:59+00,B-810,ATLANTIC 85,ILB,0,N,OVERCAST,POOR,SMOOTH
-9.10988,53.23967,GALWAY,13:46:00,2020,2020/11/02 14:00:00+00,B-810,ATLANTIC 85,ILB,270,W,OVERCAST,FAIR,ROUGH
-9.08764,53.25546,GALWAY,14:42:00,2020,2020/11/09 14:50:00+00,B-853,ATLANTIC 85,ILB,180,S,CLEAR SKY,GOOD,SLIGHT
-9.05125,53.26757,GALWAY,14:24:00,2020,2020/12/20 14:35:00+00,B-853,ATLANTIC 85,ILB,225,SW,RAIN / HAIL,GOOD,MOD/CHOP
